{"cameraMode":{"drawMode":0,"name":"Shaded","section":"Shading Mode"},"sceneLighting":true,"audioPlay":false,"sceneViewState":{"showFog":true,"showMaterialUpdate":false,"showSkybox":true,"showFlares":true,"showImageEffects":true,"showParticleSystems":true},"in2DMode":false,"pivot":{"x":-10.831629753112793,"y":-20.389177322387697,"z":22.07010841369629},"rotation":{"x":0.41504454612731936,"y":-0.1503392457962036,"z":0.06975062191486359,"w":0.894578754901886},"size":30.000473022460939,"orthographic":false}