{"cameraMode":{"drawMode":0,"name":"Shaded","section":"Shading Mode"},"sceneLighting":true,"audioPlay":false,"sceneViewState":{"showFog":true,"showMaterialUpdate":false,"showSkybox":true,"showFlares":true,"showImageEffects":true,"showParticleSystems":true},"in2DMode":false,"pivot":{"x":0.8474931716918945,"y":-0.44080352783203127,"z":2.0902552604675295},"rotation":{"x":0.21712760627269746,"y":-0.7585294246673584,"z":0.5300357937812805,"w":0.3107306659221649},"size":17.4520320892334,"orthographic":false}